Path,Deprecated
./AVFoundation/AVAssetExportPresetApple.xml, false
./AVFoundation/AVCaptureAudioFileOutput.xml, false
./AVFoundation/AVCaptureAudioPreviewOutput.xml, false
./AVFoundation/AVCaptureDeviceInputSource.xml, false
./AVFoundation/AVCaptureFileOutputDelegate.xml, false
./AVFoundation/AVCaptureFileOutputDelegate_Extensions.xml, false
./AVFoundation/AVCaptureScreenInput.xml, false
./AVFoundation/AVContentAuthorizationStatus.xml, false
./AVFoundation/AVFragmentMinding_Extensions.xml, false
./AVFoundation/AVFragmentedMovie+Notifications.xml, false
./AVFoundation/AVFragmentedMovie.xml, false
./AVFoundation/AVFragmentedMovieMinder.xml, false
./AVFoundation/AVFragmentedMovieTrack+Notifications.xml, false
./AVFoundation/AVFragmentedMovieTrack.xml, false
./AVFoundation/AVFragmentedMovie_AVFragmentedMovieTrackInspection.xml, false
./AVFoundation/AVMediaDataStorage.xml, false
./AVFoundation/AVMovie.xml, false
./AVFoundation/AVMovieTrack.xml, false
./AVFoundation/AVMovieWritingOptions.xml, false
./AVFoundation/AVMovie_AVMovieMovieHeaderSupport.xml, false
./AVFoundation/AVMovie_AVMovieTrackInspection.xml, false
./AVFoundation/AVMutableMovie.xml, false
./AVFoundation/AVMutableMovieTrack.xml, false
./AVFoundation/AVMutableMovieTrack_AVMutableMovieTrackTrackAssociations.xml, false
./AVFoundation/AVMutableMovieTrack_AVMutableMovieTrack_TrackLevelEditing.xml, false
./AVFoundation/AVMutableMovie_AVMutableMovieMovieLevelEditing.xml, false
./AVFoundation/AVMutableMovie_AVMutableMovieTrackInspection.xml, false
./AVFoundation/AVMutableMovie_AVMutableMovieTrackLevelEditing.xml, false
./AVFoundation/AVPlayerItem_AVPlayerItemProtectedContent.xml, false
./AVFoundation/AVSampleBufferGenerator.xml, false
./AVFoundation/AVSampleBufferRequest.xml, false
./AVFoundation/AVSampleBufferRequestDirection.xml, false
./AVFoundation/AVSampleBufferRequestMode.xml, false
./AVFoundation/AVSampleCursor.xml, false
./AVFoundation/IAVCaptureFileOutputDelegate.xml, false
./AVKit/AVCaptureView.xml, false
./AVKit/AVCaptureViewControlsStyle.xml, false
./AVKit/AVCaptureViewDelegate.xml, false
./AVKit/AVPlayerView.xml, false
./AVKit/AVPlayerViewTrimResult.xml, false
./AVKit/IAVCaptureViewDelegate.xml, false
./Accounts/ACLinkedInKey.xml, true
./AppKit/AppKitFramework.xml, false
./AppKit/AppKitThreadAccessException.xml, false
./AppKit/AttributedStringForCandidateHandler.xml, false
./AppKit/ContinueUserActivityRestorationHandler.xml, false
./AppKit/DownloadFontAssetsRequestCompletionHandler.xml, false
./AppKit/DrawerShouldCloseDelegate.xml, false
./AppKit/DrawerShouldOpenDelegate.xml, false
./AppKit/DrawerWillResizeContentsDelegate.xml, false
./AppKit/GlobalEventHandler.xml, false
./AppKit/INSAccessibility.xml, false
./AppKit/INSAccessibilityButton.xml, false
./AppKit/INSAccessibilityContainsTransientUI.xml, false
./AppKit/INSAccessibilityCustomRotorItemSearchDelegate.xml, false
./AppKit/INSAccessibilityElementLoading.xml, false
./AppKit/INSAccessibilityElementProtocol.xml, false
./AppKit/INSAccessibilityGroup.xml, false
./AppKit/INSAccessibilityImage.xml, false
./AppKit/INSAccessibilityLayoutArea.xml, false
./AppKit/INSAccessibilityLayoutItem.xml, false
./AppKit/INSAccessibilityNavigableStaticText.xml, false
./AppKit/INSAccessibilityProgressIndicator.xml, false
./AppKit/INSAccessibilityRadioButton.xml, false
./AppKit/INSAccessibilityRow.xml, false
./AppKit/INSAccessibilitySlider.xml, false
./AppKit/INSAccessibilityStaticText.xml, false
./AppKit/INSAccessibilityStepper.xml, false
./AppKit/INSAccessibilitySwitch.xml, false
./AppKit/INSAccessibilityTable.xml, false
./AppKit/INSAlertDelegate.xml, false
./AppKit/INSAlignmentFeedbackToken.xml, false
./AppKit/INSAnimationDelegate.xml, false
./AppKit/INSAppearanceCustomization.xml, false
./AppKit/INSApplicationDelegate.xml, false
./AppKit/INSBrowserDelegate.xml, false
./AppKit/INSCandidateListTouchBarItemDelegate.xml, false
./AppKit/INSCloudSharingServiceDelegate.xml, false
./AppKit/INSCloudSharingValidation.xml, false
./AppKit/INSCollectionViewDataSource.xml, false
./AppKit/INSCollectionViewDelegate.xml, false
./AppKit/INSCollectionViewDelegateFlowLayout.xml, false
./AppKit/INSCollectionViewElement.xml, false
./AppKit/INSCollectionViewPrefetching.xml, false
./AppKit/INSCollectionViewSectionHeaderView.xml, false
./AppKit/INSColorChanging.xml, false
./AppKit/INSComboBoxCellDataSource.xml, false
./AppKit/INSComboBoxDataSource.xml, false
./AppKit/INSComboBoxDelegate.xml, false
./AppKit/INSControlTextEditingDelegate.xml, false
./AppKit/INSDatePickerCellDelegate.xml, false
./AppKit/INSDockTilePlugIn.xml, false
./AppKit/INSDraggingDestination.xml, false
./AppKit/INSDraggingInfo.xml, false
./AppKit/INSDraggingSource.xml, false
./AppKit/INSDrawerDelegate.xml, true
./AppKit/INSEditor.xml, false
./AppKit/INSEditorRegistration.xml, false
./AppKit/INSFilePromiseProviderDelegate.xml, false
./AppKit/INSFontChanging.xml, false
./AppKit/INSGestureRecognizerDelegate.xml, false
./AppKit/INSHapticFeedbackPerformer.xml, false
./AppKit/INSImageDelegate.xml, false
./AppKit/INSLayerDelegateContentsScaleUpdating.xml, false
./AppKit/INSLayoutManagerDelegate.xml, false
./AppKit/INSMatrixDelegate.xml, false
./AppKit/INSMenuDelegate.xml, false
./AppKit/INSMenuItemValidation.xml, false
./AppKit/INSMenuValidation.xml, false
./AppKit/INSOpenSavePanelDelegate.xml, false
./AppKit/INSOutlineViewDataSource.xml, false
./AppKit/INSOutlineViewDelegate.xml, false
./AppKit/INSPageControllerDelegate.xml, false
./AppKit/INSPasteboardItemDataProvider.xml, false
./AppKit/INSPasteboardReading.xml, false
./AppKit/INSPasteboardTypeOwner.xml, false
./AppKit/INSPasteboardWriting.xml, false
./AppKit/INSPathCellDelegate.xml, false
./AppKit/INSPathControlDelegate.xml, false
./AppKit/INSPopoverDelegate.xml, false
./AppKit/INSPrintPanelAccessorizing.xml, false
./AppKit/INSRuleEditorDelegate.xml, false
./AppKit/INSScrubberDataSource.xml, false
./AppKit/INSScrubberDelegate.xml, false
./AppKit/INSScrubberFlowLayoutDelegate.xml, false
./AppKit/INSSearchFieldDelegate.xml, false
./AppKit/INSSeguePerforming.xml, false
./AppKit/INSServicesMenuRequestor.xml, false
./AppKit/INSSharingServiceDelegate.xml, false
./AppKit/INSSharingServicePickerDelegate.xml, false
./AppKit/INSSharingServicePickerTouchBarItemDelegate.xml, false
./AppKit/INSSoundDelegate.xml, false
./AppKit/INSSpeechRecognizerDelegate.xml, false
./AppKit/INSSpeechSynthesizerDelegate.xml, false
./AppKit/INSSplitViewDelegate.xml, false
./AppKit/INSSpringLoadingDestination.xml, false
./AppKit/INSStackViewDelegate.xml, false
./AppKit/INSStandardKeyBindingResponding.xml, false
./AppKit/INSTabViewDelegate.xml, false
./AppKit/INSTableViewDataSource.xml, false
./AppKit/INSTableViewDelegate.xml, false
./AppKit/INSTextAttachmentContainer.xml, false
./AppKit/INSTextDelegate.xml, false
./AppKit/INSTextFieldDelegate.xml, false
./AppKit/INSTextFinderBarContainer.xml, false
./AppKit/INSTextFinderClient.xml, false
./AppKit/INSTextInput.xml, false
./AppKit/INSTextInputClient.xml, false
./AppKit/INSTextStorageDelegate.xml, false
./AppKit/INSTextViewDelegate.xml, false
./AppKit/INSTokenFieldCellDelegate.xml, false
./AppKit/INSTokenFieldDelegate.xml, false
./AppKit/INSToolTipOwner.xml, false
./AppKit/INSToolbarDelegate.xml, false
./AppKit/INSToolbarItemValidation.xml, false
./AppKit/INSTouchBarDelegate.xml, false
./AppKit/INSTouchBarProvider.xml, false
./AppKit/INSUserInterfaceCompression.xml, false
./AppKit/INSUserInterfaceItemIdentification.xml, false
./AppKit/INSUserInterfaceValidations.xml, false
./AppKit/INSValidatedUserInterfaceItem.xml, false
./AppKit/INSViewControllerPresentationAnimator.xml, false
./AppKit/INSViewToolTipOwner.xml, false
./AppKit/INSWindowDelegate.xml, false
./AppKit/INSWindowRestoration.xml, false
./AppKit/LocalEventHandler.xml, false
./AppKit/NSATSTypesetter.xml, false
./AppKit/NSAboutPanelOption.xml, false
./AppKit/NSAccessibility.xml, false
./AppKit/NSAccessibilityActions.xml, false
./AppKit/NSAccessibilityAnnotationAttributeKey.xml, false
./AppKit/NSAccessibilityAnnotationPosition.xml, false
./AppKit/NSAccessibilityAttributes.xml, false
./AppKit/NSAccessibilityCustomAction.xml, false
./AppKit/NSAccessibilityCustomRotor.xml, false
./AppKit/NSAccessibilityCustomRotorItemResult.xml, false
./AppKit/NSAccessibilityCustomRotorItemSearchDelegate.xml, false
./AppKit/NSAccessibilityCustomRotorSearchDirection.xml, false
./AppKit/NSAccessibilityCustomRotorSearchParameters.xml, false
./AppKit/NSAccessibilityCustomRotorType.xml, false
./AppKit/NSAccessibilityElement+Notifications.xml, false
./AppKit/NSAccessibilityElement.xml, false
./AppKit/NSAccessibilityElementLoading_Extensions.xml, false
./AppKit/NSAccessibilityElementProtocol_Extensions.xml, false
./AppKit/NSAccessibilityFontKeys.xml, false
./AppKit/NSAccessibilityLayoutItem_Extensions.xml, false
./AppKit/NSAccessibilityNotificationUserInfoKeys.xml, false
./AppKit/NSAccessibilityNotifications.xml, false
./AppKit/NSAccessibilityOrientation.xml, false
./AppKit/NSAccessibilityPriorityLevel.xml, false
./AppKit/NSAccessibilityRoles.xml, false
./AppKit/NSAccessibilityRow_Extensions.xml, false
./AppKit/NSAccessibilityRulerMarkerType.xml, false
./AppKit/NSAccessibilitySortDirection.xml, false
./AppKit/NSAccessibilityStaticText_Extensions.xml, false
./AppKit/NSAccessibilityStepper_Extensions.xml, false
./AppKit/NSAccessibilitySubroles.xml, false
./AppKit/NSAccessibilitySwitch_Extensions.xml, false
./AppKit/NSAccessibilityTable_Extensions.xml, false
./AppKit/NSAccessibilityUnits.xml, false
./AppKit/NSAccessibility_Extensions.xml, false
./AppKit/NSActionCell.xml, false
./AppKit/NSAlert.xml, false
./AppKit/NSAlertButtonReturn.xml, false
./AppKit/NSAlertDelegate.xml, false
./AppKit/NSAlertDelegate_Extensions.xml, false
./AppKit/NSAlertPredicate.xml, false
./AppKit/NSAlertStyle.xml, false
./AppKit/NSAlertType.xml, true
./AppKit/NSAlignmentFeedbackFilter.xml, false
./AppKit/NSAlignmentFeedbackToken.xml, false
./AppKit/NSAnimation+Notifications.xml, false
./AppKit/NSAnimation.xml, false
./AppKit/NSAnimationBlockingMode.xml, false
./AppKit/NSAnimationContext.xml, false
./AppKit/NSAnimationCurve.xml, false
./AppKit/NSAnimationDelegate.xml, false
./AppKit/NSAnimationDelegate_Extensions.xml, false
./AppKit/NSAnimationEffect.xml, false
./AppKit/NSAnimationEventArgs.xml, false
./AppKit/NSAnimationPredicate.xml, false
./AppKit/NSAnimationProgress.xml, false
./AppKit/NSAnimationProgressMarkEventArgs.xml, false
./AppKit/NSAppearance.xml, false
./AppKit/NSAppearanceCustomization.xml, false
./AppKit/NSAppearanceCustomization_Extensions.xml, false
./AppKit/NSApplication+Notifications.xml, false
./AppKit/NSApplication.xml, false
./AppKit/NSApplicationActivationOptions.xml, false
./AppKit/NSApplicationActivationPolicy.xml, false
./AppKit/NSApplicationContinueUserActivity.xml, false
./AppKit/NSApplicationDelegate.xml, false
./AppKit/NSApplicationDelegateReply.xml, false
./AppKit/NSApplicationDelegate_Extensions.xml, false
./AppKit/NSApplicationDidFinishLaunchingEventArgs.xml, false
./AppKit/NSApplicationEnumerateWindowsHandler.xml, false
./AppKit/NSApplicationError.xml, false
./AppKit/NSApplicationFailedEventArgs.xml, false
./AppKit/NSApplicationFile.xml, false
./AppKit/NSApplicationFileCommand.xml, false
./AppKit/NSApplicationFilesEventArgs.xml, false
./AppKit/NSApplicationHandlesKey.xml, false
./AppKit/NSApplicationLayoutDirection.xml, false
./AppKit/NSApplicationMenu.xml, false
./AppKit/NSApplicationOcclusionState.xml, false
./AppKit/NSApplicationOpenUrlsEventArgs.xml, false
./AppKit/NSApplicationPredicate.xml, false
./AppKit/NSApplicationPresentationOptions.xml, false
./AppKit/NSApplicationPrint.xml, false
./AppKit/NSApplicationPrintReply.xml, false
./AppKit/NSApplicationRegisterEventArgs.xml, false
./AppKit/NSApplicationReopen.xml, false
./AppKit/NSApplicationSelection.xml, false
./AppKit/NSApplicationTerminateReply.xml, false
./AppKit/NSApplicationTermination.xml, false
./AppKit/NSApplicationUpdatedUserActivityEventArgs.xml, false
./AppKit/NSApplicationUserAcceptedCloudKitShareEventArgs.xml, false
./AppKit/NSApplicationUserActivityType.xml, false
./AppKit/NSApplication_NSTouchBarCustomization.xml, false
./AppKit/NSArrayController.xml, false
./AppKit/NSAttributedString_NSExtendedStringDrawing.xml, false
./AppKit/NSBackgroundStyle.xml, false
./AppKit/NSBackingStore.xml, true
./AppKit/NSBezelStyle.xml, false
./AppKit/NSBezierPath.xml, false
./AppKit/NSBezierPathElement.xml, false
./AppKit/NSBitmapFormat.xml, false
./AppKit/NSBitmapImageFileType.xml, false
./AppKit/NSBitmapImageRep.xml, false
./AppKit/NSBorderType.xml, false
./AppKit/NSBox.xml, false
./AppKit/NSBoxType.xml, false
./AppKit/NSBrowser+Notifications.xml, false
./AppKit/NSBrowser.xml, false
./AppKit/NSBrowserCell.xml, false
./AppKit/NSBrowserColumnResizingType.xml, false
./AppKit/NSBrowserDelegate.xml, false
./AppKit/NSBrowserDelegate_Extensions.xml, false
./AppKit/NSBrowserDropOperation.xml, false
./AppKit/NSButton.xml, false
./AppKit/NSButtonCell.xml, false
./AppKit/NSButtonType.xml, false
./AppKit/NSCIImageRep.xml, false
./AppKit/NSCachedImageRep.xml, true
./AppKit/NSCandidateListTouchBarItem.xml, false
./AppKit/NSCandidateListTouchBarItemDelegate.xml, false
./AppKit/NSCandidateListTouchBarItemDelegate_Extensions.xml, false
./AppKit/NSCell+Notifications.xml, false
./AppKit/NSCell.xml, false
./AppKit/NSCellAttribute.xml, false
./AppKit/NSCellHit.xml, false
./AppKit/NSCellImagePosition.xml, false
./AppKit/NSCellStateValue.xml, false
./AppKit/NSCellStyleMask.xml, false
./AppKit/NSCellType.xml, false
./AppKit/NSCharacterCollection.xml, false
./AppKit/NSClickGestureRecognizer.xml, false
./AppKit/NSClipView.xml, false
./AppKit/NSCloudKitSharingServiceOptions.xml, false
./AppKit/NSCloudSharingServiceDelegate.xml, false
./AppKit/NSCloudSharingServiceDelegate_Extensions.xml, false
./AppKit/NSCoderAppKitAddons.xml, false
./AppKit/NSCoderEventArgs.xml, false
./AppKit/NSCollectionElementCategory.xml, false
./AppKit/NSCollectionElementKind.xml, false
./AppKit/NSCollectionUpdateAction.xml, false
./AppKit/NSCollectionView.xml, false
./AppKit/NSCollectionViewDataSource.xml, false
./AppKit/NSCollectionViewDataSource_Extensions.xml, false
./AppKit/NSCollectionViewDelegate.xml, false
./AppKit/NSCollectionViewDelegateFlowLayout.xml, false
./AppKit/NSCollectionViewDelegateFlowLayout_Extensions.xml, false
./AppKit/NSCollectionViewDelegate_Extensions.xml, false
./AppKit/NSCollectionViewDropOperation.xml, false
./AppKit/NSCollectionViewElement.xml, false
./AppKit/NSCollectionViewElement_Extensions.xml, false
./AppKit/NSCollectionViewFlowLayout.xml, false
./AppKit/NSCollectionViewFlowLayoutInvalidationContext.xml, false
./AppKit/NSCollectionViewGridLayout.xml, false
./AppKit/NSCollectionViewItem.xml, false
./AppKit/NSCollectionViewItemHighlightState.xml, false
./AppKit/NSCollectionViewLayout.xml, false
./AppKit/NSCollectionViewLayoutAttributes.xml, false
./AppKit/NSCollectionViewLayoutInvalidationContext.xml, false
./AppKit/NSCollectionViewPrefetching_Extensions.xml, false
./AppKit/NSCollectionViewScrollDirection.xml, false
./AppKit/NSCollectionViewScrollPosition.xml, false
./AppKit/NSCollectionViewSectionHeaderView_Extensions.xml, false
./AppKit/NSCollectionViewTransitionLayout.xml, false
./AppKit/NSCollectionViewUpdateItem.xml, false
./AppKit/NSColor+Notifications.xml, false
./AppKit/NSColor.xml, false
./AppKit/NSColorList.xml, false
./AppKit/NSColorPanel+Notifications.xml, false
./AppKit/NSColorPanel.xml, false
./AppKit/NSColorPanelFlags.xml, false
./AppKit/NSColorPanelMode.xml, false
./AppKit/NSColorPicker.xml, false
./AppKit/NSColorPickerTouchBarItem.xml, false
./AppKit/NSColorRenderingIntent.xml, false
./AppKit/NSColorSpace.xml, false
./AppKit/NSColorSpaceModel.xml, false
./AppKit/NSColorSystemEffect.xml, false
./AppKit/NSColorType.xml, false
./AppKit/NSColorWell.xml, false
./AppKit/NSComboBox+Notifications.xml, false
./AppKit/NSComboBox.xml, false
./AppKit/NSComboBoxCell.xml, false
./AppKit/NSComboBoxCellDataSource.xml, false
./AppKit/NSComboBoxCellDataSource_Extensions.xml, false
./AppKit/NSComboBoxDataSource.xml, false
./AppKit/NSComboBoxDataSource_Extensions.xml, false
./AppKit/NSComboBoxDelegate.xml, false
./AppKit/NSComboBoxDelegate_Extensions.xml, false
./AppKit/NSComposite.xml, false
./AppKit/NSCompositingOperation.xml, false
./AppKit/NSControl+Notifications.xml, false
./AppKit/NSControl.xml, false
./AppKit/NSControlCharacterAction.xml, false
./AppKit/NSControlCommand.xml, false
./AppKit/NSControlEditingSupport.xml, false
./AppKit/NSControlSize.xml, false
./AppKit/NSControlText.xml, false
./AppKit/NSControlTextEditingDelegate.xml, false
./AppKit/NSControlTextEditingDelegate_Extensions.xml, false
./AppKit/NSControlTextEditingEventArgs.xml, false
./AppKit/NSControlTextError.xml, false
./AppKit/NSControlTextErrorEventArgs.xml, false
./AppKit/NSControlTextFilter.xml, false
./AppKit/NSControlTextValidation.xml, false
./AppKit/NSControlTint.xml, false
./AppKit/NSController.xml, false
./AppKit/NSCorrectionIndicatorType.xml, false
./AppKit/NSCorrectionResponse.xml, false
./AppKit/NSCursor.xml, false
./AppKit/NSCustomImageRep.xml, false
./AppKit/NSCustomImageRepDrawingHandler.xml, false
./AppKit/NSCustomTouchBarItem.xml, false
./AppKit/NSDataAsset.xml, false
./AppKit/NSDataEventArgs.xml, false
./AppKit/NSDatePicker.xml, false
./AppKit/NSDatePickerCell.xml, false
./AppKit/NSDatePickerCellDelegate.xml, false
./AppKit/NSDatePickerCellDelegate_Extensions.xml, false
./AppKit/NSDatePickerElementFlags.xml, false
./AppKit/NSDatePickerMode.xml, false
./AppKit/NSDatePickerStyle.xml, false
./AppKit/NSDatePickerValidatorEventArgs.xml, false
./AppKit/NSDictionaryController.xml, false
./AppKit/NSDictionaryControllerKeyValuePair.xml, false
./AppKit/NSDictionaryEventArgs.xml, false
./AppKit/NSDisplayGamut.xml, false
./AppKit/NSDockTile.xml, false
./AppKit/NSDockTilePlugIn.xml, false
./AppKit/NSDocument+DuplicateCallback.xml, false
./AppKit/NSDocument.xml, false
./AppKit/NSDocumentChangeType.xml, false
./AppKit/NSDocumentCompletionHandler.xml, false
./AppKit/NSDocumentController.xml, false
./AppKit/NSDocumentControllerOpenPanelResultHandler.xml, false
./AppKit/NSDocumentControllerOpenPanelWithCompletionHandler.xml, false
./AppKit/NSDocumentLockCompletionHandler.xml, false
./AppKit/NSDocumentLockDocumentCompletionHandler.xml, false
./AppKit/NSDocumentMoveCompletionHandler.xml, false
./AppKit/NSDocumentMoveToUrlCompletionHandler.xml, false
./AppKit/NSDocumentUnlockCompletionHandler.xml, false
./AppKit/NSDocumentUnlockDocumentCompletionHandler.xml, false
./AppKit/NSDragOperation.xml, false
./AppKit/NSDraggingContext.xml, false
./AppKit/NSDraggingDestination.xml, false
./AppKit/NSDraggingDestination_Extensions.xml, false
./AppKit/NSDraggingEnumerator.xml, false
./AppKit/NSDraggingFormation.xml, false
./AppKit/NSDraggingImageComponent.xml, false
./AppKit/NSDraggingInfo.xml, false
./AppKit/NSDraggingInfo_Extensions.xml, false
./AppKit/NSDraggingItem.xml, false
./AppKit/NSDraggingItemEnumerationOptions.xml, false
./AppKit/NSDraggingItemImagesContentProvider.xml, false
./AppKit/NSDraggingSession.xml, false
./AppKit/NSDraggingSource.xml, false
./AppKit/NSDraggingSource_Extensions.xml, false
./AppKit/NSDrawer+Notifications.xml, false
./AppKit/NSDrawer.xml, true
./AppKit/NSDrawerDelegate.xml, true
./AppKit/NSDrawerDelegate_Extensions.xml, false
./AppKit/NSDrawerState.xml, true
./AppKit/NSEPSImageRep.xml, false
./AppKit/NSEdgeInsets.xml, false
./AppKit/NSEditorRegistration_Extensions.xml, false
./AppKit/NSEvent.xml, false
./AppKit/NSEventButtonMask.xml, false
./AppKit/NSEventGestureAxis.xml, false
./AppKit/NSEventMask.xml, false
./AppKit/NSEventModifierMask.xml, false
./AppKit/NSEventMouseSubtype.xml, false
./AppKit/NSEventPhase.xml, false
./AppKit/NSEventSubtype.xml, false
./AppKit/NSEventSwipeTrackingOptions.xml, false
./AppKit/NSEventTrackHandler.xml, false
./AppKit/NSEventType.xml, false
./AppKit/NSExtendedStringDrawing.xml, false
./AppKit/NSFilePromiseProvider.xml, false
./AppKit/NSFilePromiseProviderDelegate_Extensions.xml, false
./AppKit/NSFilePromiseReceiver.xml, false
./AppKit/NSFileTypeForHFSTypeCode.xml, false
./AppKit/NSFileWrapperReadingOptions.xml, false
./AppKit/NSFocusRingPlacement.xml, false
./AppKit/NSFocusRingType.xml, false
./AppKit/NSFont+Notifications.xml, false
./AppKit/NSFont.xml, false
./AppKit/NSFontAssetRequest.xml, false
./AppKit/NSFontAssetRequestOptions.xml, false
./AppKit/NSFontChanging_Extensions.xml, false
./AppKit/NSFontCollection+Notifications.xml, false
./AppKit/NSFontCollection.xml, false
./AppKit/NSFontCollectionAction.xml, false
./AppKit/NSFontCollectionChangedEventArgs.xml, false
./AppKit/NSFontCollectionOptions.xml, false
./AppKit/NSFontCollectionVisibility.xml, false
./AppKit/NSFontDescriptor.xml, false
./AppKit/NSFontError.xml, false
./AppKit/NSFontManager.xml, false
./AppKit/NSFontPanel.xml, false
./AppKit/NSFontPanelMode.xml, false
./AppKit/NSFontPanelModeMask.xml, false
./AppKit/NSFontRenderingMode.xml, false
./AppKit/NSFontSymbolicTraits.xml, false
./AppKit/NSFontTraitMask.xml, false
./AppKit/NSFontWeight.xml, false
./AppKit/NSForm.xml, true
./AppKit/NSFormCell.xml, false
./AppKit/NSFunctionKey.xml, false
./AppKit/NSGLColorBuffer.xml, true
./AppKit/NSGLFormat.xml, true
./AppKit/NSGLTextureCubeMap.xml, true
./AppKit/NSGLTextureTarget.xml, true
./AppKit/NSGestureEvent.xml, false
./AppKit/NSGestureProbe.xml, false
./AppKit/NSGestureRecognizer+ParameterlessDispatch.xml, false
./AppKit/NSGestureRecognizer+ParametrizedDispatch.xml, false
./AppKit/NSGestureRecognizer+Token.xml, false
./AppKit/NSGestureRecognizer.xml, false
./AppKit/NSGestureRecognizerDelegate.xml, false
./AppKit/NSGestureRecognizerDelegate_Extensions.xml, false
./AppKit/NSGestureRecognizerState.xml, false
./AppKit/NSGestureRecognizer_NSTouchBar.xml, false
./AppKit/NSGesturesProbe.xml, false
./AppKit/NSGlyphGenerator.xml, false
./AppKit/NSGlyphInfo.xml, false
./AppKit/NSGlyphInscription.xml, true
./AppKit/NSGlyphProperty.xml, false
./AppKit/NSGlyphStorageOptions.xml, true
./AppKit/NSGradient.xml, false
./AppKit/NSGradientDrawingOptions.xml, false
./AppKit/NSGradientType.xml, true
./AppKit/NSGraphics.xml, false
./AppKit/NSGraphicsContext.xml, false
./AppKit/NSGridCell.xml, false
./AppKit/NSGridCellPlacement.xml, false
./AppKit/NSGridColumn.xml, false
./AppKit/NSGridRow.xml, false
./AppKit/NSGridRowAlignment.xml, false
./AppKit/NSGridView.xml, false
./AppKit/NSGroupTouchBarItem.xml, false
./AppKit/NSHapticFeedbackManager.xml, false
./AppKit/NSHapticFeedbackPattern.xml, false
./AppKit/NSHapticFeedbackPerformanceTime.xml, false
./AppKit/NSHapticFeedbackPerformer.xml, false
./AppKit/NSHelpManager+Notifications.xml, false
./AppKit/NSHelpManager.xml, false
./AppKit/NSImage.xml, false
./AppKit/NSImageAlignment.xml, false
./AppKit/NSImageCacheMode.xml, false
./AppKit/NSImageCell.xml, false
./AppKit/NSImageDelegate.xml, false
./AppKit/NSImageDelegate_Extensions.xml, false
./AppKit/NSImageFrameStyle.xml, false
./AppKit/NSImageHint.xml, false
./AppKit/NSImageInterpolation.xml, false
./AppKit/NSImageLayoutDirection.xml, false
./AppKit/NSImageLoadEventArgs.xml, false
./AppKit/NSImageLoadRepresentationEventArgs.xml, false
./AppKit/NSImageLoadStatus.xml, false
./AppKit/NSImageName.xml, false
./AppKit/NSImageNameExtensions.xml, false
./AppKit/NSImagePartialEventArgs.xml, false
./AppKit/NSImageRect.xml, false
./AppKit/NSImageRep+Notifications.xml, false
./AppKit/NSImageRep.xml, false
./AppKit/NSImageRepLoadStatus.xml, false
./AppKit/NSImageResizingMode.xml, false
./AppKit/NSImageScale.xml, false
./AppKit/NSImageScaling.xml, false
./AppKit/NSImageView.xml, false
./AppKit/NSKey.xml, false
./AppKit/NSLayerDelegateContentsScaleUpdating_Extensions.xml, false
./AppKit/NSLayoutAnchor`1.xml, false
./AppKit/NSLayoutAttribute.xml, false
./AppKit/NSLayoutConstraint.xml, false
./AppKit/NSLayoutConstraintOrientation.xml, false
./AppKit/NSLayoutDimension.xml, false
./AppKit/NSLayoutFormatOptions.xml, false
./AppKit/NSLayoutGuide.xml, false
./AppKit/NSLayoutManager.xml, false
./AppKit/NSLayoutManagerDelegate.xml, false
./AppKit/NSLayoutManagerDelegate_Extensions.xml, false
./AppKit/NSLayoutPriority.xml, false
./AppKit/NSLayoutRelation.xml, false
./AppKit/NSLayoutXAxisAnchor.xml, false
./AppKit/NSLayoutYAxisAnchor.xml, false
./AppKit/NSLevelIndicator.xml, false
./AppKit/NSLevelIndicatorCell.xml, false
./AppKit/NSLevelIndicatorPlaceholderVisibility.xml, false
./AppKit/NSLevelIndicatorStyle.xml, false
./AppKit/NSLineBreakMode.xml, false
./AppKit/NSLineCapStyle.xml, false
./AppKit/NSLineJoinStyle.xml, false
./AppKit/NSLineMovementDirection.xml, false
./AppKit/NSLineSweepDirection.xml, false
./AppKit/NSMagnificationGestureRecognizer.xml, false
./AppKit/NSMatrix.xml, false
./AppKit/NSMatrixDelegate.xml, false
./AppKit/NSMatrixMode.xml, false
./AppKit/NSMenu+Notifications.xml, false
./AppKit/NSMenu.xml, false
./AppKit/NSMenuDelegate.xml, false
./AppKit/NSMenuDelegate_Extensions.xml, false
./AppKit/NSMenuItem+Notifications.xml, false
./AppKit/NSMenuItem.xml, false
./AppKit/NSMenuItemCell.xml, false
./AppKit/NSMenuItemEventArgs.xml, false
./AppKit/NSMenuItemIndexEventArgs.xml, false
./AppKit/NSMenuProperty.xml, false
./AppKit/NSMenuView.xml, false
./AppKit/NSModalResponse.xml, false
./AppKit/NSMutableAttributedStringAppKitAddons.xml, false
./AppKit/NSMutableFontCollection.xml, false
./AppKit/NSMutableParagraphStyle.xml, false
./AppKit/NSNib.xml, false
./AppKit/NSObjectController.xml, false
./AppKit/NSObjectPredicate.xml, false
./AppKit/NSObject_NSEditorRegistration.xml, false
./AppKit/NSObject_NSFontPanelValidationAdditions.xml, false
./AppKit/NSObject_NSToolbarItemValidation.xml, false
./AppKit/NSOpenGLContext.xml, true
./AppKit/NSOpenGLContextParameter.xml, true
./AppKit/NSOpenGLGlobalOption.xml, true
./AppKit/NSOpenGLLayer.xml, true
./AppKit/NSOpenGLPixelBuffer.xml, true
./AppKit/NSOpenGLPixelFormat.xml, true
./AppKit/NSOpenGLPixelFormatAttribute.xml, true
./AppKit/NSOpenGLProfile.xml, false
./AppKit/NSOpenGLView.xml, true
./AppKit/NSOpenPanel.xml, false
./AppKit/NSOpenSaveCompare.xml, false
./AppKit/NSOpenSaveExpandingEventArgs.xml, false
./AppKit/NSOpenSaveFilename.xml, false
./AppKit/NSOpenSaveFilenameConfirmation.xml, false
./AppKit/NSOpenSaveFilenameEventArgs.xml, false
./AppKit/NSOpenSavePanelDelegate.xml, false
./AppKit/NSOpenSavePanelDelegate_Extensions.xml, false
./AppKit/NSOpenSavePanelUrl.xml, false
./AppKit/NSOpenSavePanelUrlEventArgs.xml, false
./AppKit/NSOpenSavePanelValidate.xml, false
./AppKit/NSOutlineView+Notifications.xml, false
./AppKit/NSOutlineView.xml, false
./AppKit/NSOutlineViewDataSource.xml, false
./AppKit/NSOutlineViewDataSource_Extensions.xml, false
./AppKit/NSOutlineViewDelegate.xml, false
./AppKit/NSOutlineViewDelegate_Extensions.xml, false
./AppKit/NSOutlineViewItemEventArgs.xml, false
./AppKit/NSPageController.xml, false
./AppKit/NSPageControllerDelegate.xml, false
./AppKit/NSPageControllerDelegate_Extensions.xml, false
./AppKit/NSPageControllerGetFrame.xml, false
./AppKit/NSPageControllerGetIdentifier.xml, false
./AppKit/NSPageControllerGetViewController.xml, false
./AppKit/NSPageControllerPrepareViewControllerEventArgs.xml, false
./AppKit/NSPageControllerTransitionEventArgs.xml, false
./AppKit/NSPageControllerTransitionStyle.xml, false
./AppKit/NSPageLayout.xml, false
./AppKit/NSPanGestureRecognizer.xml, false
./AppKit/NSPanel.xml, false
./AppKit/NSPanelButtonType.xml, true
./AppKit/NSParagraphStyle.xml, false
./AppKit/NSPasteboard.xml, false
./AppKit/NSPasteboardContentsOptions.xml, false
./AppKit/NSPasteboardItem.xml, false
./AppKit/NSPasteboardItemDataProvider.xml, false
./AppKit/NSPasteboardPredicate.xml, false
./AppKit/NSPasteboardReading.xml, false
./AppKit/NSPasteboardReadingOptions.xml, false
./AppKit/NSPasteboardTypeOwner_Extensions.xml, false
./AppKit/NSPasteboardWriting.xml, false
./AppKit/NSPasteboardWritingOptions.xml, false
./AppKit/NSPasteboardWriting_Extensions.xml, false
./AppKit/NSPathCell.xml, false
./AppKit/NSPathCellDelegate.xml, false
./AppKit/NSPathCellDelegate_Extensions.xml, false
./AppKit/NSPathCellDisplayPanelEventArgs.xml, false
./AppKit/NSPathCellMenuEventArgs.xml, false
./AppKit/NSPathComponentCell.xml, false
./AppKit/NSPathControl.xml, false
./AppKit/NSPathControlDelegate.xml, false
./AppKit/NSPathControlDelegate_Extensions.xml, false
./AppKit/NSPathControlItem.xml, false
./AppKit/NSPathStyle.xml, false
./AppKit/NSPdfImageRep.xml, false
./AppKit/NSPointingDeviceType.xml, false
./AppKit/NSPopUpArrowPosition.xml, false
./AppKit/NSPopUpButton+Notifications.xml, false
./AppKit/NSPopUpButton.xml, false
./AppKit/NSPopUpButtonCell+Notifications.xml, false
./AppKit/NSPopUpButtonCell.xml, false
./AppKit/NSPopover+Notifications.xml, false
./AppKit/NSPopover.xml, false
./AppKit/NSPopoverAppearance.xml, false
./AppKit/NSPopoverBehavior.xml, false
./AppKit/NSPopoverCloseEventArgs.xml, false
./AppKit/NSPopoverCloseReason.xml, false
./AppKit/NSPopoverDelegate.xml, false
./AppKit/NSPopoverDelegate_Extensions.xml, false
./AppKit/NSPopoverTouchBarItem.xml, false
./AppKit/NSPredicateEditor.xml, false
./AppKit/NSPredicateEditorRowTemplate.xml, false
./AppKit/NSPressGestureRecognizer.xml, false
./AppKit/NSPressureBehavior.xml, false
./AppKit/NSPressureConfiguration.xml, false
./AppKit/NSPrintInfo.xml, false
./AppKit/NSPrintOperation.xml, false
./AppKit/NSPrintPanel.xml, false
./AppKit/NSPrintPanelAccessorizing.xml, false
./AppKit/NSPrintPanelOptions.xml, false
./AppKit/NSPrintPreviewGraphicsContext.xml, false
./AppKit/NSPrintRenderingQuality.xml, false
./AppKit/NSPrinter.xml, false
./AppKit/NSPrinterTableStatus.xml, false
./AppKit/NSPrintingOrientation.xml, false
./AppKit/NSPrintingPageOrder.xml, false
./AppKit/NSPrintingPaginationMode.xml, false
./AppKit/NSProgressIndicator.xml, false
./AppKit/NSProgressIndicatorStyle.xml, false
./AppKit/NSProgressIndicatorThickness.xml, true
./AppKit/NSRectEdge.xml, false
./AppKit/NSRemoteNotificationType.xml, false
./AppKit/NSRemoteNotifications_NSApplication.xml, false
./AppKit/NSRemoteOpenPanel.xml, false
./AppKit/NSRemoteSavePanel.xml, false
./AppKit/NSRequestUserAttentionType.xml, false
./AppKit/NSResponder.xml, false
./AppKit/NSResponder_NSTouchBarProvider.xml, false
./AppKit/NSRotationGestureRecognizer.xml, false
./AppKit/NSRuleEditor+Notifications.xml, false
./AppKit/NSRuleEditor.xml, false
./AppKit/NSRuleEditorDelegate.xml, false
./AppKit/NSRuleEditorDelegate_Extensions.xml, false
./AppKit/NSRuleEditorNestingMode.xml, false
./AppKit/NSRuleEditorNumberOfChildren.xml, false
./AppKit/NSRuleEditorRowType.xml, false
./AppKit/NSRulerEditorChildCriterion.xml, false
./AppKit/NSRulerEditorDisplayValue.xml, false
./AppKit/NSRulerEditorPredicateParts.xml, false
./AppKit/NSRulerMarker.xml, false
./AppKit/NSRulerMarkerClientViewDelegation.xml, false
./AppKit/NSRulerOrientation.xml, false
./AppKit/NSRulerView.xml, false
./AppKit/NSRulerViewUnits.xml, false
./AppKit/NSRulerViewUnitsExtensions.xml, false
./AppKit/NSRunResponse.xml, false
./AppKit/NSRunningApplication.xml, false
./AppKit/NSSaveOperationType.xml, false
./AppKit/NSSavePanel.xml, false
./AppKit/NSSavePanelComplete.xml, false
./AppKit/NSScreen+Notifications.xml, false
./AppKit/NSScreen.xml, false
./AppKit/NSScrollArrowPosition.xml, true
./AppKit/NSScrollElasticity.xml, false
./AppKit/NSScrollView+Notifications.xml, false
./AppKit/NSScrollView.xml, false
./AppKit/NSScrollViewFindBarPosition.xml, false
./AppKit/NSScroller+Notifications.xml, false
./AppKit/NSScroller.xml, false
./AppKit/NSScrollerArrow.xml, true
./AppKit/NSScrollerKnobStyle.xml, false
./AppKit/NSScrollerPart.xml, false
./AppKit/NSScrollerStyle.xml, false
./AppKit/NSScrubber.xml, false
./AppKit/NSScrubberAlignment.xml, false
./AppKit/NSScrubberArrangedView.xml, false
./AppKit/NSScrubberDataSource.xml, false
./AppKit/NSScrubberDelegate.xml, false
./AppKit/NSScrubberDelegate_Extensions.xml, false
./AppKit/NSScrubberFlowLayout.xml, false
./AppKit/NSScrubberFlowLayoutDelegate.xml, false
./AppKit/NSScrubberFlowLayoutDelegate_Extensions.xml, false
./AppKit/NSScrubberImageItemView.xml, false
./AppKit/NSScrubberItemView.xml, false
./AppKit/NSScrubberLayout.xml, false
./AppKit/NSScrubberLayoutAttributes.xml, false
./AppKit/NSScrubberMode.xml, false
./AppKit/NSScrubberProportionalLayout.xml, false
./AppKit/NSScrubberSelectionStyle.xml, false
./AppKit/NSScrubberSelectionView.xml, false
./AppKit/NSScrubberTextItemView.xml, false
./AppKit/NSSearchField.xml, false
./AppKit/NSSearchFieldCell.xml, false
./AppKit/NSSearchFieldDelegate.xml, false
./AppKit/NSSearchFieldDelegate_Extensions.xml, false
./AppKit/NSSecureTextField.xml, false
./AppKit/NSSecureTextFieldCell.xml, false
./AppKit/NSSegmentBackgroundStyle_NSSegmentedCell.xml, false
./AppKit/NSSegmentDistribution.xml, false
./AppKit/NSSegmentStyle.xml, false
./AppKit/NSSegmentSwitchTracking.xml, false
./AppKit/NSSegmentedCell.xml, false
./AppKit/NSSegmentedControl.xml, false
./AppKit/NSSeguePerforming.xml, false
./AppKit/NSSeguePerforming_Extensions.xml, false
./AppKit/NSSelectionAffinity.xml, false
./AppKit/NSSelectionDirection.xml, false
./AppKit/NSSelectionGranularity.xml, false
./AppKit/NSServicesMenuRequestor_Extensions.xml, false
./AppKit/NSShadow.xml, false
./AppKit/NSSharingContentScope.xml, false
./AppKit/NSSharingService.xml, false
./AppKit/NSSharingServiceAnchoringViewForSharingService.xml, false
./AppKit/NSSharingServiceDelegate.xml, false
./AppKit/NSSharingServiceDelegate_Extensions.xml, false
./AppKit/NSSharingServiceDidFailToShareItemsEventArgs.xml, false
./AppKit/NSSharingServiceHandler.xml, false
./AppKit/NSSharingServiceItemsEventArgs.xml, false
./AppKit/NSSharingServiceName.xml, false
./AppKit/NSSharingServiceNameExtensions.xml, false
./AppKit/NSSharingServicePicker.xml, false
./AppKit/NSSharingServicePickerDelegate.xml, false
./AppKit/NSSharingServicePickerDelegateForSharingService.xml, false
./AppKit/NSSharingServicePickerDelegate_Extensions.xml, false
./AppKit/NSSharingServicePickerDidChooseSharingServiceEventArgs.xml, false
./AppKit/NSSharingServicePickerSharingServicesForItems.xml, false
./AppKit/NSSharingServicePickerTouchBarItem.xml, false
./AppKit/NSSharingServicePickerTouchBarItemDelegate.xml, false
./AppKit/NSSharingServiceSourceFrameOnScreenForShareItem.xml, false
./AppKit/NSSharingServiceSourceWindowForShareItems.xml, false
./AppKit/NSSharingServiceTransitionImageForShareItem.xml, false
./AppKit/NSSlider.xml, false
./AppKit/NSSliderAccessory+Notifications.xml, false
./AppKit/NSSliderAccessory.xml, false
./AppKit/NSSliderAccessoryBehavior.xml, false
./AppKit/NSSliderCell.xml, false
./AppKit/NSSliderTouchBarItem.xml, false
./AppKit/NSSliderType.xml, false
./AppKit/NSSound.xml, false
./AppKit/NSSoundDelegate.xml, false
./AppKit/NSSoundDelegate_Extensions.xml, false
./AppKit/NSSoundFinishedEventArgs.xml, false
./AppKit/NSSpeechBoundary.xml, false
./AppKit/NSSpeechRecognizer.xml, false
./AppKit/NSSpeechRecognizerDelegate.xml, false
./AppKit/NSSpeechRecognizerDelegate_Extensions.xml, false
./AppKit/NSSpeechSynthesizer.xml, false
./AppKit/NSSpeechSynthesizerDelegate.xml, false
./AppKit/NSSpeechSynthesizerDelegate_Extensions.xml, false
./AppKit/NSSpellChecker+Notifications.xml, false
./AppKit/NSSpellChecker.xml, false
./AppKit/NSSpellCheckerCanidates.xml, false
./AppKit/NSSpellCheckerShowCorrectionIndicatorOfTypeHandler.xml, false
./AppKit/NSSpellingState.xml, false
./AppKit/NSSplitView+Notifications.xml, false
./AppKit/NSSplitView.xml, false
./AppKit/NSSplitViewController.xml, false
./AppKit/NSSplitViewDelegate.xml, false
./AppKit/NSSplitViewDelegate_Extensions.xml, false
./AppKit/NSSplitViewDividerIndexEventArgs.xml, false
./AppKit/NSSplitViewDividerStyle.xml, false
./AppKit/NSSplitViewItem.xml, false
./AppKit/NSSplitViewItemBehavior.xml, false
./AppKit/NSSpringLoadingDestination.xml, false
./AppKit/NSSpringLoadingDestination_Extensions.xml, false
./AppKit/NSSpringLoadingHighlight.xml, false
./AppKit/NSSpringLoadingOptions.xml, false
./AppKit/NSStackView.xml, false
./AppKit/NSStackViewDelegate.xml, false
./AppKit/NSStackViewDelegate_Extensions.xml, false
./AppKit/NSStackViewDistribution.xml, false
./AppKit/NSStackViewGravity.xml, false
./AppKit/NSStackViewVisibilityPriority.xml, false
./AppKit/NSStandardKeyBindingMethods.xml, false
./AppKit/NSStandardKeyBindingResponding_Extensions.xml, false
./AppKit/NSStatusBar.xml, false
./AppKit/NSStatusBarButton.xml, false
./AppKit/NSStatusItem.xml, false
./AppKit/NSStatusItemBehavior.xml, false
./AppKit/NSStatusItemLength.xml, false
./AppKit/NSStepper.xml, false
./AppKit/NSStepperCell.xml, false
./AppKit/NSStoryboard.xml, false
./AppKit/NSStoryboardSegue.xml, false
./AppKit/NSStringAttributeKey.xml, false
./AppKit/NSStringAttributes.xml, false
./AppKit/NSStringDrawing.xml, false
./AppKit/NSStringDrawingContext.xml, false
./AppKit/NSStringDrawing_NSAttributedString.xml, false
./AppKit/NSStringDrawing_NSString.xml, false
./AppKit/NSSurfaceOrder.xml, false
./AppKit/NSSystemDefinedEvents.xml, false
./AppKit/NSTabPosition.xml, false
./AppKit/NSTabState.xml, false
./AppKit/NSTabView.xml, false
./AppKit/NSTabViewBorderType.xml, false
./AppKit/NSTabViewController.xml, false
./AppKit/NSTabViewControllerTabStyle.xml, false
./AppKit/NSTabViewDelegate.xml, false
./AppKit/NSTabViewDelegate_Extensions.xml, false
./AppKit/NSTabViewItem.xml, false
./AppKit/NSTabViewItemEventArgs.xml, false
./AppKit/NSTabViewPredicate.xml, false
./AppKit/NSTabViewType.xml, false
./AppKit/NSTableCellView.xml, false
./AppKit/NSTableColumn.xml, false
./AppKit/NSTableColumnResizing.xml, false
./AppKit/NSTableHeaderCell.xml, false
./AppKit/NSTableHeaderView.xml, false
./AppKit/NSTableReorder.xml, false
./AppKit/NSTableRowActionEdge.xml, false
./AppKit/NSTableRowView.xml, false
./AppKit/NSTableView+Notifications.xml, false
./AppKit/NSTableView.xml, false
./AppKit/NSTableViewAnimation.xml, false
./AppKit/NSTableViewCell.xml, false
./AppKit/NSTableViewCellEventArgs.xml, false
./AppKit/NSTableViewCellGetter.xml, false
./AppKit/NSTableViewColumnAutoresizingStyle.xml, false
./AppKit/NSTableViewColumnPredicate.xml, false
./AppKit/NSTableViewColumnRowPredicate.xml, false
./AppKit/NSTableViewColumnRowString.xml, false
./AppKit/NSTableViewColumnWidth.xml, false
./AppKit/NSTableViewDataSource.xml, false
./AppKit/NSTableViewDataSource_Extensions.xml, false
./AppKit/NSTableViewDelegate.xml, false
./AppKit/NSTableViewDelegate_Extensions.xml, false
./AppKit/NSTableViewDraggingDestinationFeedbackStyle.xml, false
./AppKit/NSTableViewDropOperation.xml, false
./AppKit/NSTableViewEventString.xml, false
./AppKit/NSTableViewGridStyle.xml, false
./AppKit/NSTableViewIndexFilter.xml, false
./AppKit/NSTableViewPredicate.xml, false
./AppKit/NSTableViewRowAction.xml, false
./AppKit/NSTableViewRowActionStyle.xml, false
./AppKit/NSTableViewRowActionsGetter.xml, false
./AppKit/NSTableViewRowEventArgs.xml, false
./AppKit/NSTableViewRowGetter.xml, false
./AppKit/NSTableViewRowHandler.xml, false
./AppKit/NSTableViewRowHeight.xml, false
./AppKit/NSTableViewRowPredicate.xml, false
./AppKit/NSTableViewRowSizeStyle.xml, false
./AppKit/NSTableViewSearchString.xml, false
./AppKit/NSTableViewSelectionHighlightStyle.xml, false
./AppKit/NSTableViewSource.xml, false
./AppKit/NSTableViewTableEventArgs.xml, false
./AppKit/NSTableViewToolTip.xml, false
./AppKit/NSTableViewViewGetter.xml, false
./AppKit/NSText+Notifications.xml, false
./AppKit/NSText.xml, false
./AppKit/NSTextAlignment.xml, false
./AppKit/NSTextAlternatives+Notifications.xml, false
./AppKit/NSTextAlternatives.xml, false
./AppKit/NSTextAlternativesSelectedAlternativeStringEventArgs.xml, false
./AppKit/NSTextAttachment.xml, false
./AppKit/NSTextAttachmentCell.xml, false
./AppKit/NSTextAttachmentContainer.xml, false
./AppKit/NSTextBlock.xml, false
./AppKit/NSTextBlockDimension.xml, false
./AppKit/NSTextBlockLayer.xml, false
./AppKit/NSTextBlockValueType.xml, false
./AppKit/NSTextBlockVerticalAlignment.xml, false
./AppKit/NSTextCheckingOptions.xml, false
./AppKit/NSTextContainer.xml, false
./AppKit/NSTextDelegate.xml, false
./AppKit/NSTextDelegate_Extensions.xml, false
./AppKit/NSTextDidEndEditingEventArgs.xml, false
./AppKit/NSTextField.xml, false
./AppKit/NSTextFieldBezelStyle.xml, false
./AppKit/NSTextFieldCell.xml, false
./AppKit/NSTextFieldDelegate.xml, false
./AppKit/NSTextFieldDelegate_Extensions.xml, false
./AppKit/NSTextFieldGetCandidates.xml, false
./AppKit/NSTextFieldSelectCandidate.xml, false
./AppKit/NSTextFieldTextCheckingResults.xml, false
./AppKit/NSTextField_NSTouchBar.xml, false
./AppKit/NSTextFinder.xml, false
./AppKit/NSTextFinderAction.xml, false
./AppKit/NSTextFinderBarContainer.xml, false
./AppKit/NSTextFinderBarContainer_Extensions.xml, false
./AppKit/NSTextFinderClient.xml, false
./AppKit/NSTextFinderMatchingType.xml, false
./AppKit/NSTextFinderSupport.xml, false
./AppKit/NSTextInputClient.xml, false
./AppKit/NSTextInputClient_Extensions.xml, false
./AppKit/NSTextInputContext+Notifications.xml, false
./AppKit/NSTextInputContext.xml, false
./AppKit/NSTextLayoutEnumerateEnclosingRects.xml, false
./AppKit/NSTextLayoutEnumerateLineFragments.xml, false
./AppKit/NSTextLayoutOrientation.xml, false
./AppKit/NSTextList.xml, false
./AppKit/NSTextListMarkerFormats.xml, false
./AppKit/NSTextListMarkerFormatsExtensions.xml, false
./AppKit/NSTextListOptions.xml, false
./AppKit/NSTextMovement.xml, false
./AppKit/NSTextPredicate.xml, false
./AppKit/NSTextStorage+Notifications.xml, false
./AppKit/NSTextStorage.xml, false
./AppKit/NSTextStorageDelegate.xml, false
./AppKit/NSTextStorageDelegate_Extensions.xml, false
./AppKit/NSTextStorageEditActions.xml, false
./AppKit/NSTextStorageEditedFlags.xml, true
./AppKit/NSTextStorageEventArgs.xml, false
./AppKit/NSTextTab.xml, false
./AppKit/NSTextTabType.xml, false
./AppKit/NSTextTable.xml, false
./AppKit/NSTextTableBlock.xml, false
./AppKit/NSTextTableLayoutAlgorithm.xml, false
./AppKit/NSTextView+Notifications.xml, false
./AppKit/NSTextView.xml, false
./AppKit/NSTextViewCellPasteboard.xml, false
./AppKit/NSTextViewCellPosition.xml, false
./AppKit/NSTextViewChangeText.xml, false
./AppKit/NSTextViewClickedEventArgs.xml, false
./AppKit/NSTextViewCompletion.xml, false
./AppKit/NSTextViewDelegate.xml, false
./AppKit/NSTextViewDelegate_Extensions.xml, false
./AppKit/NSTextViewDidChangeSelectionEventArgs.xml, false
./AppKit/NSTextViewDoubleClickEventArgs.xml, false
./AppKit/NSTextViewDraggedCellEventArgs.xml, false
./AppKit/NSTextViewEventMenu.xml, false
./AppKit/NSTextViewGetCandidates.xml, false
./AppKit/NSTextViewGetUndoManager.xml, false
./AppKit/NSTextViewLink.xml, false
./AppKit/NSTextViewOnTextCheck.xml, false
./AppKit/NSTextViewSelectCandidate.xml, false
./AppKit/NSTextViewSelectionChange.xml, false
./AppKit/NSTextViewSelectionShouldChange.xml, false
./AppKit/NSTextViewSelectionWillChange.xml, false
./AppKit/NSTextViewSelectorCommand.xml, false
./AppKit/NSTextViewSpellingQuery.xml, false
./AppKit/NSTextViewTextChecked.xml, false
./AppKit/NSTextViewTextCheckingResults.xml, false
./AppKit/NSTextViewTooltip.xml, false
./AppKit/NSTextViewTypeAttribute.xml, false
./AppKit/NSTextViewUpdateTouchBarItemIdentifiers.xml, false
./AppKit/NSTextViewWillChangeNotifyingTextViewEventArgs.xml, false
./AppKit/NSTextView_SharingService.xml, false
./AppKit/NSTickMarkPosition.xml, false
./AppKit/NSTiffCompression.xml, false
./AppKit/NSTitlePosition.xml, false
./AppKit/NSTitlebarAccessoryViewController.xml, false
./AppKit/NSTokenField.xml, false
./AppKit/NSTokenFieldCell.xml, false
./AppKit/NSTokenFieldCellDelegate.xml, false
./AppKit/NSTokenFieldCellDelegate_Extensions.xml, false
./AppKit/NSTokenFieldDelegate.xml, false
./AppKit/NSTokenFieldDelegate_Extensions.xml, false
./AppKit/NSTokenStyle.xml, false
./AppKit/NSToolbar+Notifications.xml, false
./AppKit/NSToolbar.xml, false
./AppKit/NSToolbarDelegate.xml, false
./AppKit/NSToolbarDelegate_Extensions.xml, false
./AppKit/NSToolbarDisplayMode.xml, false
./AppKit/NSToolbarIdentifiers.xml, false
./AppKit/NSToolbarItem.xml, false
./AppKit/NSToolbarItemEventArgs.xml, false
./AppKit/NSToolbarItemGroup.xml, false
./AppKit/NSToolbarSizeMode.xml, false
./AppKit/NSToolbarWillInsert.xml, false
./AppKit/NSTouch.xml, false
./AppKit/NSTouchBar.xml, false
./AppKit/NSTouchBarDelegate.xml, false
./AppKit/NSTouchBarDelegate_Extensions.xml, false
./AppKit/NSTouchBarItem.xml, false
./AppKit/NSTouchBarItemIdentifier.xml, false
./AppKit/NSTouchBarItemIdentifierExtensions.xml, false
./AppKit/NSTouchBarMakeItem.xml, false
./AppKit/NSTouchEvent.xml, false
./AppKit/NSTouchPhase.xml, false
./AppKit/NSTouchType.xml, false
./AppKit/NSTouchTypeMask.xml, false
./AppKit/NSTouch_NSTouchBar.xml, false
./AppKit/NSTrackingArea.xml, false
./AppKit/NSTrackingAreaOptions.xml, false
./AppKit/NSTreeController.xml, false
./AppKit/NSTreeNode.xml, false
./AppKit/NSType.xml, true
./AppKit/NSTypesetter.xml, false
./AppKit/NSTypesetterBehavior.xml, false
./AppKit/NSTypesetterControlCharacterAction.xml, false
./AppKit/NSUnderlinePattern.xml, false
./AppKit/NSUnderlineStyle.xml, false
./AppKit/NSUsableScrollerParts.xml, false
./AppKit/NSUserDefaultsController.xml, false
./AppKit/NSUserInterfaceCompressionOptions.xml, false
./AppKit/NSUserInterfaceItemIdentification_Extensions.xml, false
./AppKit/NSUserInterfaceLayoutDirection.xml, false
./AppKit/NSUserInterfaceLayoutOrientation.xml, false
./AppKit/NSView+Notifications.xml, false
./AppKit/NSView.xml, false
./AppKit/NSViewAnimation.xml, false
./AppKit/NSViewColumnMoveEventArgs.xml, false
./AppKit/NSViewColumnResizeEventArgs.xml, false
./AppKit/NSViewController.xml, false
./AppKit/NSViewControllerPresentationAnimator.xml, false
./AppKit/NSViewControllerTransitionOptions.xml, false
./AppKit/NSViewLayerContentsPlacement.xml, false
./AppKit/NSViewLayerContentsRedrawPolicy.xml, false
./AppKit/NSViewResizingMask.xml, false
./AppKit/NSView_NSCandidateListTouchBarItem.xml, false
./AppKit/NSView_NSTouchBar.xml, false
./AppKit/NSVisualEffectBlendingMode.xml, false
./AppKit/NSVisualEffectMaterial.xml, false
./AppKit/NSVisualEffectState.xml, false
./AppKit/NSVisualEffectView.xml, false
./AppKit/NSWindingRule.xml, false
./AppKit/NSWindow+Notifications.xml, false
./AppKit/NSWindow.xml, false
./AppKit/NSWindowAnimationBehavior.xml, false
./AppKit/NSWindowApplicationPresentationOptions.xml, false
./AppKit/NSWindowBackingLocation.xml, false
./AppKit/NSWindowBackingPropertiesEventArgs.xml, false
./AppKit/NSWindowButton.xml, false
./AppKit/NSWindowClient.xml, false
./AppKit/NSWindowCoderEventArgs.xml, false
./AppKit/NSWindowCollectionBehavior.xml, false
./AppKit/NSWindowCompletionHandler.xml, false
./AppKit/NSWindowController.xml, false
./AppKit/NSWindowDelegate.xml, false
./AppKit/NSWindowDelegate_Extensions.xml, false
./AppKit/NSWindowDepth.xml, false
./AppKit/NSWindowDocumentDrag.xml, false
./AppKit/NSWindowDurationEventArgs.xml, false
./AppKit/NSWindowExposeEventArgs.xml, false
./AppKit/NSWindowFrame.xml, false
./AppKit/NSWindowFramePredicate.xml, false
./AppKit/NSWindowLevel.xml, false
./AppKit/NSWindowListOptions.xml, false
./AppKit/NSWindowMenu.xml, false
./AppKit/NSWindowNumberListOptions.xml, false
./AppKit/NSWindowOcclusionState.xml, false
./AppKit/NSWindowOrderingMode.xml, false
./AppKit/NSWindowResize.xml, false
./AppKit/NSWindowRestoration.xml, false
./AppKit/NSWindowSharingType.xml, false
./AppKit/NSWindowSheetRect.xml, false
./AppKit/NSWindowSize.xml, false
./AppKit/NSWindowSizeSize.xml, false
./AppKit/NSWindowStyle.xml, false
./AppKit/NSWindowTab.xml, false
./AppKit/NSWindowTabGroup.xml, false
./AppKit/NSWindowTabbingMode.xml, false
./AppKit/NSWindowTitleVisibility.xml, false
./AppKit/NSWindowTrackEventsMatchingCompletionHandler.xml, false
./AppKit/NSWindowUndoManager.xml, false
./AppKit/NSWindowUserTabbingPreference.xml, false
./AppKit/NSWindowWindows.xml, false
./AppKit/NSWorkspace+Notifications.xml, false
./AppKit/NSWorkspace.xml, false
./AppKit/NSWorkspaceAccessibilityNotifications.xml, false
./AppKit/NSWorkspaceApplicationEventArgs.xml, false
./AppKit/NSWorkspaceAuthorization.xml, false
./AppKit/NSWorkspaceAuthorizationType.xml, false
./AppKit/NSWorkspaceFileOperationEventArgs.xml, false
./AppKit/NSWorkspaceIconCreationOptions.xml, false
./AppKit/NSWorkspaceLaunchOptions.xml, false
./AppKit/NSWorkspaceMountEventArgs.xml, false
./AppKit/NSWorkspaceRenamedEventArgs.xml, false
./AppKit/NSWorkspaceUrlHandler.xml, false
./AppKit/NSWritingDirection.xml, false
./AppKit/OpenDocumentCompletionHandler.xml, false
./CFNetwork/MessageHandler.xml, false
./CFNetwork/WorkerThread.xml, false
./ContactsUI/CNContactPicker.xml, false
./CoreAnimation/CAAutoresizingMask.xml, false
./CoreAnimation/CAConstraint.xml, false
./CoreAnimation/CAConstraintAttribute.xml, false
./CoreAnimation/CAConstraintLayoutManager.xml, false
./CoreAnimation/CAOpenGLLayer.xml, true
./CoreAnimation/CARenderer.xml, false
./CoreAnimation/CARendererOptions.xml, false
./CoreAudioKit/AUGenericView.xml, false
./CoreAudioKit/AUGenericViewDisplayFlags.xml, false
./CoreAudioKit/AUPannerView.xml, false
./CoreAudioKit/CABtleMidiWindowController.xml, false
./CoreAudioKit/CAInterDeviceAudioViewController.xml, false
./CoreAudioKit/CANetworkBrowserWindowController.xml, false
./CoreAudioKit/IAUCustomViewPersistentData.xml, false
./CoreGraphics/CGCaptureOptions.xml, false
./CoreGraphics/CGDisplay.xml, false
./CoreGraphics/CGEvent+CGEventTapCallback.xml, false
./CoreGraphics/CGEvent.xml, false
./CoreGraphics/CGEventFilterMask.xml, false
./CoreGraphics/CGEventFlags.xml, false
./CoreGraphics/CGEventMask.xml, false
./CoreGraphics/CGEventMouseSubtype.xml, false
./CoreGraphics/CGEventSource.xml, false
./CoreGraphics/CGEventSourceStateID.xml, false
./CoreGraphics/CGEventSuppressionState.xml, false
./CoreGraphics/CGEventTapInformation.xml, false
./CoreGraphics/CGEventTapLocation.xml, false
./CoreGraphics/CGEventTapOptions.xml, false
./CoreGraphics/CGEventTapPlacement.xml, false
./CoreGraphics/CGEventType.xml, false
./CoreGraphics/CGMouseButton.xml, false
./CoreGraphics/CGScrollEventUnit.xml, false
./CoreGraphics/CGWindowImageOption.xml, false
./CoreGraphics/CGWindowListOption.xml, false
./CoreImage/CIFilterApply.xml, false
./CoreImage/CIFilterGenerator.xml, false
./CoreImage/CIPlugIn.xml, false
./CoreServices/FSEvent.xml, false
./CoreServices/FSEventStream.xml, false
./CoreServices/FSEventStreamCreateFlags.xml, false
./CoreServices/FSEventStreamEventFlags.xml, false
./CoreServices/FSEventStreamEventsArgs.xml, false
./CoreServices/FSEventStreamEventsHandler.xml, false
./CoreServices/LSAcceptanceFlags.xml, false
./CoreServices/LSResult.xml, false
./CoreServices/LSRoles.xml, false
./CoreServices/LaunchServices.xml, false
./CoreVideo/CVDisplayLink+DisplayLinkOutputCallback.xml, false
./CoreVideo/CVDisplayLink.xml, false
./CoreWlan/CW8021XProfile.xml, true
./CoreWlan/CWChannel.xml, false
./CoreWlan/CWChannelBand.xml, false
./CoreWlan/CWChannelWidth.xml, false
./CoreWlan/CWCipherKeyFlags.xml, false
./CoreWlan/CWConfiguration.xml, false
./CoreWlan/CWEventDelegate.xml, false
./CoreWlan/CWEventDelegate_Extensions.xml, false
./CoreWlan/CWEventType.xml, false
./CoreWlan/CWIbssModeSecurity.xml, false
./CoreWlan/CWInterface.xml, false
./CoreWlan/CWInterfaceMode.xml, false
./CoreWlan/CWKeychainDomain.xml, false
./CoreWlan/CWMutableConfiguration.xml, false
./CoreWlan/CWMutableNetworkProfile.xml, false
./CoreWlan/CWNetwork.xml, false
./CoreWlan/CWNetworkProfile.xml, false
./CoreWlan/CWPhyMode.xml, false
./CoreWlan/CWSecurity.xml, false
./CoreWlan/CWStatus.xml, false
./CoreWlan/CWWiFiClient.xml, false
./CoreWlan/CWWirelessProfile.xml, true
./CoreWlan/ICWEventDelegate.xml, false
./Darwin/EventFilter.xml, false
./Darwin/EventFlags.xml, false
./Darwin/FilterFlags.xml, false
./Darwin/KernelEvent.xml, false
./Darwin/KernelQueue.xml, false
./Darwin/Message+Kind.xml, false
./Darwin/Message+Op.xml, false
./Darwin/Message.xml, false
./Darwin/SystemLog+Option.xml, false
./Darwin/SystemLog.xml, false
./Darwin/TimeSpec.xml, false
./EventKit/EKAlarmType.xml, false
./FinderSync/FIFinderSync.xml, false
./FinderSync/FIFinderSyncController.xml, false
./FinderSync/FIFinderSyncProtocol_Extensions.xml, false
./FinderSync/FIMenuKind.xml, false
./FinderSync/GetValuesCompletionHandler.xml, false
./FinderSync/IFIFinderSyncProtocol.xml, false
./Foundation/AEEventClass.xml, false
./Foundation/AEEventID.xml, false
./Foundation/CloudKitRegistrationPreparationAction.xml, false
./Foundation/CloudKitRegistrationPreparationHandler.xml, false
./Foundation/INSConnectionDelegate.xml, true
./Foundation/INSUrlDownloadDelegate.xml, false
./Foundation/INSUserNotificationCenterDelegate.xml, false
./Foundation/NSAffineTransform.xml, false
./Foundation/NSAppleEventDescriptor.xml, false
./Foundation/NSAppleEventDescriptorType.xml, false
./Foundation/NSAppleEventManager.xml, false
./Foundation/NSAppleEventSendOptions.xml, false
./Foundation/NSAppleScript.xml, false
./Foundation/NSBindingSelectionMarker.xml, false
./Foundation/NSCalendarDate.xml, true
./Foundation/NSConnection.xml, true
./Foundation/NSConnectionDelegate.xml, true
./Foundation/NSConnectionDelegate_Extensions.xml, false
./Foundation/NSDistantObjectRequest.xml, true
./Foundation/NSDistributedLock.xml, false
./Foundation/NSFileManagerUnmountOptions.xml, false
./Foundation/NSHost.xml, false
./Foundation/NSNotificationFlags.xml, false
./Foundation/NSNotificationSuspensionBehavior.xml, false
./Foundation/NSPortNameServer.xml, false
./Foundation/NSProcessInfo_NSUserInformation.xml, false
./Foundation/NSScriptCommand.xml, false
./Foundation/NSScriptCommandArgumentDescription.xml, false
./Foundation/NSScriptCommandArgumentDescriptionKeys.xml, false
./Foundation/NSScriptCommandDescription.xml, false
./Foundation/NSScriptCommandDescriptionDictionary.xml, false
./Foundation/NSScriptCommandDescriptionDictionaryKeys.xml, false
./Foundation/NSTask+Notifications.xml, false
./Foundation/NSTask.xml, false
./Foundation/NSTaskTerminationReason.xml, false
./Foundation/NSUrlDownload.xml, false
./Foundation/NSUrlDownloadDelegate.xml, false
./Foundation/NSUrlDownloadDelegate_Extensions.xml, false
./Foundation/NSUrlProtocolClient.xml, false
./Foundation/NSUrlSessionHandler.xml, false
./Foundation/NSUserNotification.xml, false
./Foundation/NSUserNotificationAction.xml, false
./Foundation/NSUserNotificationActivationType.xml, false
./Foundation/NSUserNotificationCenter.xml, false
./Foundation/NSUserNotificationCenterDelegate.xml, false
./Foundation/NSUserNotificationCenterDelegate_Extensions.xml, false
./Foundation/ObjCException.xml, false
./Foundation/UNCDidActivateNotificationEventArgs.xml, false
./Foundation/UNCDidDeliverNotificationEventArgs.xml, false
./Foundation/UNCShouldPresentNotification.xml, false
./GameKit/GKChallengesViewController.xml, true
./GameKit/GKChallengesViewControllerDelegate.xml, false
./GameKit/GKDialogController.xml, false
./GameKit/GKPlayerErrorEventArgs.xml, false
./GameKit/IGKChallengesViewControllerDelegate.xml, false
./GameKit/IGKViewController.xml, false
./ImageKit/IIKCameraDeviceViewDelegate.xml, false
./ImageKit/IIKDeviceBrowserViewDelegate.xml, false
./ImageKit/IIKFilterCustomUIProvider.xml, false
./ImageKit/IIKImageBrowserDataSource.xml, false
./ImageKit/IIKImageBrowserDelegate.xml, false
./ImageKit/IIKImageBrowserItem.xml, false
./ImageKit/IIKImageEditPanelDataSource.xml, false
./ImageKit/IIKSaveOptionsDelegate.xml, false
./ImageKit/IIKScannerDeviceViewDelegate.xml, false
./ImageKit/IIKSlideshowDataSource.xml, false
./ImageKit/IKCameraDeviceView.xml, false
./ImageKit/IKCameraDeviceViewDelegate.xml, false
./ImageKit/IKCameraDeviceViewDelegate_Extensions.xml, false
./ImageKit/IKCameraDeviceViewDisplayMode.xml, false
./ImageKit/IKCameraDeviceViewNSErrorEventArgs.xml, false
./ImageKit/IKCameraDeviceViewTransferMode.xml, false
./ImageKit/IKCellsStyle.xml, false
./ImageKit/IKDeviceBrowserView.xml, false
./ImageKit/IKDeviceBrowserViewDelegate.xml, false
./ImageKit/IKDeviceBrowserViewDelegate_Extensions.xml, false
./ImageKit/IKDeviceBrowserViewDisplayMode.xml, false
./ImageKit/IKDeviceBrowserViewNSErrorEventArgs.xml, false
./ImageKit/IKFilterBrowserPanel+Notifications.xml, false
./ImageKit/IKFilterBrowserPanel.xml, false
./ImageKit/IKFilterBrowserPanelStyleMask.xml, false
./ImageKit/IKFilterBrowserView.xml, false
./ImageKit/IKFilterCustomUIProvider.xml, false
./ImageKit/IKFilterUIView.xml, false
./ImageKit/IKGroupStyle.xml, false
./ImageKit/IKImageBrowserCell.xml, false
./ImageKit/IKImageBrowserCellState.xml, false
./ImageKit/IKImageBrowserDataSource.xml, false
./ImageKit/IKImageBrowserDataSource_Extensions.xml, false
./ImageKit/IKImageBrowserDelegate.xml, false
./ImageKit/IKImageBrowserDelegate_Extensions.xml, false
./ImageKit/IKImageBrowserDropOperation.xml, false
./ImageKit/IKImageBrowserItem.xml, false
./ImageKit/IKImageBrowserItem_Extensions.xml, false
./ImageKit/IKImageBrowserView.xml, true
./ImageKit/IKImageBrowserViewEventEventArgs.xml, false
./ImageKit/IKImageBrowserViewIndexEventArgs.xml, false
./ImageKit/IKImageBrowserViewIndexEventEventArgs.xml, false
./ImageKit/IKImageEditPanel.xml, false
./ImageKit/IKImageEditPanelDataSource.xml, false
./ImageKit/IKImageEditPanelDataSource_Extensions.xml, false
./ImageKit/IKImageView.xml, false
./ImageKit/IKOverlayType.xml, false
./ImageKit/IKOverlayTypeExtensions.xml, false
./ImageKit/IKPictureTaker.xml, false
./ImageKit/IKSaveOptions.xml, false
./ImageKit/IKSaveOptionsDelegate.xml, false
./ImageKit/IKSaveOptionsDelegate_Extensions.xml, false
./ImageKit/IKScannerDeviceView.xml, false
./ImageKit/IKScannerDeviceViewDelegate.xml, false
./ImageKit/IKScannerDeviceViewDelegate_Extensions.xml, false
./ImageKit/IKScannerDeviceViewDisplayMode.xml, false
./ImageKit/IKScannerDeviceViewErrorEventArgs.xml, false
./ImageKit/IKScannerDeviceViewScanEventArgs.xml, false
./ImageKit/IKScannerDeviceViewScanUrlEventArgs.xml, false
./ImageKit/IKScannerDeviceViewTransferMode.xml, false
./ImageKit/IKSlideshow.xml, false
./ImageKit/IKSlideshowDataSource.xml, false
./ImageKit/IKSlideshowDataSource_Extensions.xml, false
./ImageKit/IKToolMode.xml, false
./ImageKit/IKToolModeExtensions.xml, false
./ImageKit/SaveOptionsShouldShowUTType.xml, false
./MediaLibrary/MLMediaGroup.xml, false
./MediaLibrary/MLMediaLibrary.xml, false
./MediaLibrary/MLMediaObject.xml, false
./MediaLibrary/MLMediaSource.xml, false
./MediaLibrary/MLMediaSourceType.xml, false
./MediaLibrary/MLMediaType.xml, false
./MediaLibrary/MediaLibraryTypeIdentifierKey.xml, false
./MediaPlayer/MPNowPlayingPlaybackState.xml, false
./MediaToolbox/MTProfessionalVideoWorkflow.xml, false
./Metal/IMTLRenderCommandEncoder_Extensions.xml, false
./Metal/MTLDeviceNotificationHandler.xml, false
./Metal/MTLSharedTextureHandle.xml, false
./NotificationCenter/INCWidgetListViewDelegate.xml, false
./NotificationCenter/INCWidgetSearchViewDelegate.xml, false
./NotificationCenter/NCWidgetListViewController.xml, false
./NotificationCenter/NCWidgetListViewControllerDidRemoveRowEventArgs.xml, false
./NotificationCenter/NCWidgetListViewControllerDidReorderEventArgs.xml, false
./NotificationCenter/NCWidgetListViewControllerShouldRemoveRow.xml, false
./NotificationCenter/NCWidgetListViewControllerShouldReorderRow.xml, false
./NotificationCenter/NCWidgetListViewDelegate.xml, false
./NotificationCenter/NCWidgetListViewDelegate_Extensions.xml, false
./NotificationCenter/NCWidgetListViewGetController.xml, false
./NotificationCenter/NCWidgetSearchViewController.xml, false
./NotificationCenter/NCWidgetSearchViewDelegate.xml, false
./NotificationCenter/NSWidgetSearchForTermEventArgs.xml, false
./NotificationCenter/NSWidgetSearchResultSelectedEventArgs.xml, false
./ObjCRuntime/AssemblyRegistrationEventArgs.xml, false
./ObjCRuntime/AssemblyRegistrationHandler.xml, false
./ObjCRuntime/DelayedRegistrationAttribute.xml, false
./ObjCRuntime/RequiredFrameworkAttribute.xml, false
./ObjCRuntime/SelectorMarshaler.xml, false
./OpenGL/CGLContext.xml, true
./OpenGL/CGLErrorCode.xml, true
./OpenGL/CGLPixelFormat.xml, true
./OpenGL/CGLPixelFormatAttribute.xml, true
./OpenTK/Matrix3d.xml, false
./PdfKit/ClassForAnnotationClassDelegate.xml, false
./PdfKit/PdfAnnotationButtonWidget.xml, true
./PdfKit/PdfAnnotationChoiceWidget.xml, true
./PdfKit/PdfAnnotationCircle.xml, true
./PdfKit/PdfAnnotationFreeText.xml, true
./PdfKit/PdfAnnotationInk.xml, true
./PdfKit/PdfAnnotationLine.xml, true
./PdfKit/PdfAnnotationLink.xml, true
./PdfKit/PdfAnnotationMarkup.xml, true
./PdfKit/PdfAnnotationPopup.xml, true
./PdfKit/PdfAnnotationSquare.xml, true
./PdfKit/PdfAnnotationStamp.xml, true
./PdfKit/PdfAnnotationText.xml, true
./PdfKit/PdfAnnotationTextWidget.xml, true
./PdfKit/PdfViewScale.xml, false
./PdfKit/PdfViewTitle.xml, false
./Photos/FigExifCustomRenderedValue.xml, false
./Photos/PHCloudIdentifier.xml, false
./Photos/PHLivePhotoEditingError.xml, false
./Photos/PHLivePhotoEditingErrorExtensions.xml, false
./Photos/PHPhotoLibrary_CloudIdentifiers.xml, false
./Photos/PHProject.xml, false
./Photos/PHProjectChangeRequest.xml, false
./Photos/PHProjectCreationSource.xml, false
./Photos/PHProjectSectionType.xml, false
./Photos/PHProjectTextElementType.xml, false
./PhotosUI/IPHProjectExtensionController.xml, false
./PhotosUI/IPHProjectTypeDescriptionDataSource.xml, false
./PhotosUI/IPHProjectTypeDescriptionInvalidator.xml, false
./PhotosUI/PHLivePhotoViewContentMode.xml, false
./PhotosUI/PHProjectAssetElement.xml, false
./PhotosUI/PHProjectCategory.xml, false
./PhotosUI/PHProjectCategoryExtensions.xml, false
./PhotosUI/PHProjectElement.xml, false
./PhotosUI/PHProjectExtensionContext.xml, false
./PhotosUI/PHProjectExtensionController_Extensions.xml, false
./PhotosUI/PHProjectInfo.xml, false
./PhotosUI/PHProjectJournalEntryElement.xml, false
./PhotosUI/PHProjectMapElement.xml, false
./PhotosUI/PHProjectRegionOfInterest.xml, false
./PhotosUI/PHProjectSection.xml, false
./PhotosUI/PHProjectSectionContent.xml, false
./PhotosUI/PHProjectTextElement.xml, false
./PhotosUI/PHProjectType.xml, false
./PhotosUI/PHProjectTypeDescription.xml, false
./PhotosUI/PHProjectTypeDescriptionDataSource.xml, false
./PhotosUI/PHProjectTypeDescriptionDataSource_Extensions.xml, false
./PrintCore/PMDuplexMode.xml, false
./PrintCore/PMOrientation.xml, false
./PrintCore/PMPageFormat.xml, false
./PrintCore/PMPaper.xml, false
./PrintCore/PMPaperMargins.xml, false
./PrintCore/PMPrintCoreBase.xml, false
./PrintCore/PMPrintException.xml, false
./PrintCore/PMPrintSession.xml, false
./PrintCore/PMPrintSettings.xml, false
./PrintCore/PMPrinter.xml, false
./PrintCore/PMPrinterState.xml, false
./PrintCore/PMRect.xml, false
./PrintCore/PMResolution.xml, false
./PrintCore/PMServer.xml, false
./PrintCore/PMStatusCode.xml, false
./QTKit/IQTCaptureDecompressedVideoOutputDelegate.xml, false
./QTKit/IQTCaptureFileOutputDelegate.xml, false
./QTKit/IQTCaptureViewDelegate.xml, false
./QTKit/IQTMovieViewDelegate.xml, false
./QTKit/QTCaptureAudioPreviewOutput.xml, false
./QTKit/QTCaptureConnection+Notifications.xml, false
./QTKit/QTCaptureConnection.xml, false
./QTKit/QTCaptureDecompressedVideoOutput.xml, false
./QTKit/QTCaptureDecompressedVideoOutputDelegate.xml, false
./QTKit/QTCaptureDecompressedVideoOutputDelegate_Extensions.xml, false
./QTKit/QTCaptureDestination.xml, false
./QTKit/QTCaptureDevice+Notifications.xml, false
./QTKit/QTCaptureDevice.xml, false
./QTKit/QTCaptureDeviceControlsSpeed.xml, false
./QTKit/QTCaptureDeviceInput.xml, false
./QTKit/QTCaptureDevicePlaybackMode.xml, false
./QTKit/QTCaptureDeviceTransportControl.xml, false
./QTKit/QTCaptureFileError.xml, false
./QTKit/QTCaptureFileErrorEventArgs.xml, false
./QTKit/QTCaptureFileOutput.xml, false
./QTKit/QTCaptureFileOutputDelegate.xml, false
./QTKit/QTCaptureFileOutputDelegate_Extensions.xml, false
./QTKit/QTCaptureFileSampleEventArgs.xml, false
./QTKit/QTCaptureFileUrlEventArgs.xml, false
./QTKit/QTCaptureImageEvent.xml, false
./QTKit/QTCaptureInput.xml, false
./QTKit/QTCaptureLayer.xml, false
./QTKit/QTCaptureMovieFileOutput.xml, false
./QTKit/QTCaptureOutput.xml, false
./QTKit/QTCaptureSession+Notifications.xml, false
./QTKit/QTCaptureSession.xml, false
./QTKit/QTCaptureVideoDroppedEventArgs.xml, false
./QTKit/QTCaptureVideoFrameEventArgs.xml, false
./QTKit/QTCaptureView.xml, false
./QTKit/QTCaptureViewDelegate.xml, false
./QTKit/QTCaptureViewDelegate_Extensions.xml, false
./QTKit/QTCodecQuality.xml, false
./QTKit/QTCompressionOptions.xml, false
./QTKit/QTDataReference.xml, false
./QTKit/QTError.xml, false
./QTKit/QTErrorKey.xml, false
./QTKit/QTFileType.xml, false
./QTKit/QTFormatDescription.xml, false
./QTKit/QTImageAttributes.xml, false
./QTKit/QTMedia.xml, false
./QTKit/QTMediaType.xml, false
./QTKit/QTMovie+Notifications.xml, false
./QTKit/QTMovie.xml, false
./QTKit/QTMovieFileTypeOptions.xml, false
./QTKit/QTMovieLayer.xml, false
./QTKit/QTMovieSaveOptions.xml, false
./QTKit/QTMovieView.xml, false
./QTKit/QTMovieViewDelegate.xml, false
./QTKit/QTMovieViewDelegate_Extensions.xml, false
./QTKit/QTSampleBuffer.xml, false
./QTKit/QTTime.xml, true
./QTKit/QTTimeRange.xml, true
./QTKit/QTTrack.xml, false
./QTKit/TimeFlags.xml, false
./QuartzComposer/QCComposition.xml, false
./QuartzComposer/QCCompositionLayer.xml, true
./QuartzComposer/QCCompositionRepository.xml, false
./QuickLook/QLThumbnailImage.xml, false
./QuickLookUI/IQLPreviewItem.xml, false
./QuickLookUI/IQLPreviewPanelDataSource.xml, false
./QuickLookUI/IQLPreviewPanelDelegate.xml, false
./QuickLookUI/IQLPreviewingController.xml, false
./QuickLookUI/QLPreviewItem.xml, false
./QuickLookUI/QLPreviewItem_Extensions.xml, false
./QuickLookUI/QLPreviewPanel.xml, false
./QuickLookUI/QLPreviewPanelController.xml, false
./QuickLookUI/QLPreviewPanelDataSource.xml, false
./QuickLookUI/QLPreviewPanelDelegate.xml, false
./QuickLookUI/QLPreviewPanelDelegate_Extensions.xml, false
./QuickLookUI/QLPreviewView.xml, false
./QuickLookUI/QLPreviewViewStyle.xml, false
./SafariServices/ISFSafariExtensionHandling.xml, false
./SafariServices/SFExtensionValidationHandler.xml, false
./SafariServices/SFExtensionValidationResult.xml, false
./SafariServices/SFSafariApplication.xml, false
./SafariServices/SFSafariExtensionHandler.xml, false
./SafariServices/SFSafariExtensionHandling_Extensions.xml, false
./SafariServices/SFSafariExtensionViewController.xml, false
./SafariServices/SFSafariPage.xml, false
./SafariServices/SFSafariPageProperties.xml, false
./SafariServices/SFSafariServicesVersion.xml, false
./SafariServices/SFSafariTab.xml, false
./SafariServices/SFSafariToolbarItem.xml, false
./SafariServices/SFSafariWindow.xml, false
./SafariServices/SFValidationResult.xml, false
./SceneKit/SCNLayer.xml, false
./SceneKit/SCNLightAttribute.xml, true
./ScriptingBridge/AESendMode.xml, false
./ScriptingBridge/ISBApplicationDelegate.xml, false
./ScriptingBridge/LSLaunchFlags.xml, false
./ScriptingBridge/SBApplication.xml, false
./ScriptingBridge/SBApplicationDelegate.xml, false
./ScriptingBridge/SBApplicationError.xml, false
./ScriptingBridge/SBElementArray.xml, false
./ScriptingBridge/SBObject.xml, false
./SearchKit/SKDocument.xml, false
./SearchKit/SKIndex.xml, false
./SearchKit/SKIndexType.xml, false
./SearchKit/SKSearch.xml, false
./SearchKit/SKSearchOptions.xml, false
./SearchKit/SKSummary.xml, false
./SearchKit/SKTextAnalysis.xml, false
./SearchKit/SKTextAnalysisKeys.xml, false
./Security/Authorization.xml, false
./Security/AuthorizationEnvironment.xml, false
./Security/AuthorizationFlags.xml, false
./Security/AuthorizationParameters.xml, false
./Security/AuthorizationStatus.xml, false
./SpriteKit/SKNodeEvent_NSEvent.xml, false
./System.Net.Http/CFNetworkHandler.xml, false
./WebKit/CreateWebViewFromRequest.xml, false
./WebKit/DomAbstractView.xml, true
./WebKit/DomAttr.xml, true
./WebKit/DomBlob.xml, true
./WebKit/DomCDataSection.xml, true
./WebKit/DomCharacterData.xml, true
./WebKit/DomComment.xml, true
./WebKit/DomCssCharsetRule.xml, true
./WebKit/DomCssFontFaceRule.xml, true
./WebKit/DomCssMediaRule.xml, true
./WebKit/DomCssPageRule.xml, true
./WebKit/DomCssRule.xml, true
./WebKit/DomCssRuleList.xml, true
./WebKit/DomCssRuleType.xml, true
./WebKit/DomCssStyleDeclaration.xml, true
./WebKit/DomCssStyleRule.xml, true
./WebKit/DomCssStyleSheet.xml, true
./WebKit/DomCssUnknownRule.xml, true
./WebKit/DomCssValue.xml, true
./WebKit/DomCssValueType.xml, true
./WebKit/DomDelta.xml, true
./WebKit/DomDocument.xml, true
./WebKit/DomDocumentFragment.xml, true
./WebKit/DomDocumentPosition.xml, true
./WebKit/DomDocumentType.xml, true
./WebKit/DomElement.xml, true
./WebKit/DomEntityReference.xml, true
./WebKit/DomEvent.xml, true
./WebKit/DomEventArgs.xml, false
./WebKit/DomEventListener.xml, true
./WebKit/DomEventListenerHandler.xml, false
./WebKit/DomEventPhase.xml, true
./WebKit/DomEventTarget.xml, true
./WebKit/DomFile.xml, true
./WebKit/DomFileList.xml, true
./WebKit/DomHtmlAnchorElement.xml, true
./WebKit/DomHtmlAppletElement.xml, true
./WebKit/DomHtmlAreaElement.xml, true
./WebKit/DomHtmlBRElement.xml, true
./WebKit/DomHtmlBaseElement.xml, true
./WebKit/DomHtmlBaseFontElement.xml, true
./WebKit/DomHtmlBodyElement.xml, true
./WebKit/DomHtmlButtonElement.xml, true
./WebKit/DomHtmlCollection.xml, true
./WebKit/DomHtmlDListElement.xml, true
./WebKit/DomHtmlDirectoryElement.xml, true
./WebKit/DomHtmlDivElement.xml, true
./WebKit/DomHtmlDocument.xml, true
./WebKit/DomHtmlElement.xml, true
./WebKit/DomHtmlEmbedElement.xml, true
./WebKit/DomHtmlFieldSetElement.xml, true
./WebKit/DomHtmlFontElement.xml, true
./WebKit/DomHtmlFormElement.xml, true
./WebKit/DomHtmlFrameElement.xml, true
./WebKit/DomHtmlFrameSetElement.xml, true
./WebKit/DomHtmlHRElement.xml, true
./WebKit/DomHtmlHeadElement.xml, true
./WebKit/DomHtmlHeadingElement.xml, true
./WebKit/DomHtmlHtmlElement.xml, true
./WebKit/DomHtmlIFrameElement.xml, true
./WebKit/DomHtmlImageElement.xml, true
./WebKit/DomHtmlInputElement.xml, true
./WebKit/DomHtmlLIElement.xml, true
./WebKit/DomHtmlLabelElement.xml, true
./WebKit/DomHtmlLegendElement.xml, true
./WebKit/DomHtmlLinkElement.xml, true
./WebKit/DomHtmlMapElement.xml, true
./WebKit/DomHtmlMarqueeElement.xml, true
./WebKit/DomHtmlMenuElement.xml, true
./WebKit/DomHtmlMetaElement.xml, true
./WebKit/DomHtmlModElement.xml, true
./WebKit/DomHtmlOListElement.xml, true
./WebKit/DomHtmlObjectElement.xml, true
./WebKit/DomHtmlOptGroupElement.xml, true
./WebKit/DomHtmlOptionElement.xml, true
./WebKit/DomHtmlOptionsCollection.xml, true
./WebKit/DomHtmlParagraphElement.xml, true
./WebKit/DomHtmlParamElement.xml, true
./WebKit/DomHtmlPreElement.xml, true
./WebKit/DomHtmlQuoteElement.xml, true
./WebKit/DomHtmlScriptElement.xml, true
./WebKit/DomHtmlSelectElement.xml, true
./WebKit/DomHtmlStyleElement.xml, true
./WebKit/DomHtmlTableCaptionElement.xml, true
./WebKit/DomHtmlTableCellElement.xml, true
./WebKit/DomHtmlTableColElement.xml, true
./WebKit/DomHtmlTableElement.xml, true
./WebKit/DomHtmlTableRowElement.xml, true
./WebKit/DomHtmlTableSectionElement.xml, false
./WebKit/DomHtmlTextAreaElement.xml, true
./WebKit/DomImplementation.xml, true
./WebKit/DomImportCssRule.xml, true
./WebKit/DomKeyLocation.xml, true
./WebKit/DomKeyboardEvent.xml, true
./WebKit/DomMediaList.xml, true
./WebKit/DomMouseEvent.xml, true
./WebKit/DomNamedNodeMap.xml, true
./WebKit/DomNode.xml, true
./WebKit/DomNodeFilter.xml, true
./WebKit/DomNodeIterator.xml, true
./WebKit/DomNodeList.xml, true
./WebKit/DomNodeType.xml, true
./WebKit/DomObject.xml, true
./WebKit/DomOverflowEvent.xml, true
./WebKit/DomProcessingInstruction.xml, true
./WebKit/DomProgressEvent.xml, true
./WebKit/DomRange.xml, true
./WebKit/DomRangeCompareHow.xml, true
./WebKit/DomStyleSheet.xml, true
./WebKit/DomStyleSheetList.xml, true
./WebKit/DomText.xml, true
./WebKit/DomUIEvent.xml, true
./WebKit/DomWheelEvent.xml, true
./WebKit/DragDestinationGetActionMask.xml, false
./WebKit/DragSourceGetActionMask.xml, false
./WebKit/IDomEventListener.xml, true
./WebKit/IDomEventTarget.xml, true
./WebKit/IDomNodeFilter.xml, true
./WebKit/IIndexedContainer`1.xml, false
./WebKit/IWebDocumentRepresentation.xml, true
./WebKit/IWebDownloadDelegate.xml, true
./WebKit/IWebFrameLoadDelegate.xml, true
./WebKit/IWebOpenPanelResultListener.xml, true
./WebKit/IWebPolicyDecisionListener.xml, true
./WebKit/IWebPolicyDelegate.xml, true
./WebKit/IWebResourceLoadDelegate.xml, true
./WebKit/IWebUIDelegate.xml, true
./WebKit/WKOpenPanelParameters.xml, false
./WebKit/WebActionMouseButton.xml, false
./WebKit/WebArchive.xml, true
./WebKit/WebBackForwardList.xml, true
./WebKit/WebCacheModel.xml, false
./WebKit/WebDataSource.xml, true
./WebKit/WebDocumentRepresentation.xml, true
./WebKit/WebDownload.xml, true
./WebKit/WebDownloadDelegate.xml, true
./WebKit/WebDownloadDelegate_Extensions.xml, false
./WebKit/WebDownloadRequest.xml, false
./WebKit/WebDragDestinationAction.xml, false
./WebKit/WebDragSourceAction.xml, false
./WebKit/WebFailureToImplementPolicyEventArgs.xml, false
./WebKit/WebFrame.xml, true
./WebKit/WebFrameClientRedirectEventArgs.xml, false
./WebKit/WebFrameErrorEventArgs.xml, false
./WebKit/WebFrameEventArgs.xml, false
./WebKit/WebFrameImageEventArgs.xml, false
./WebKit/WebFrameJavaScriptContextEventArgs.xml, false
./WebKit/WebFrameLoadDelegate.xml, true
./WebKit/WebFrameLoadDelegate_Extensions.xml, false
./WebKit/WebFrameScriptFrameEventArgs.xml, false
./WebKit/WebFrameScriptObjectEventArgs.xml, false
./WebKit/WebFrameTitleEventArgs.xml, false
./WebKit/WebFrameView.xml, true
./WebKit/WebHistory.xml, true
./WebKit/WebHistoryItem+Notifications.xml, false
./WebKit/WebHistoryItem.xml, true
./WebKit/WebMimeTypePolicyEventArgs.xml, false
./WebKit/WebNavigationPolicyEventArgs.xml, false
./WebKit/WebNavigationType.xml, false
./WebKit/WebNewWindowPolicyEventArgs.xml, false
./WebKit/WebOpenPanelResultListener.xml, true
./WebKit/WebOpenPanelResultListener_Extensions.xml, false
./WebKit/WebPolicyDecisionListener.xml, true
./WebKit/WebPolicyDecisionListener_Extensions.xml, false
./WebKit/WebPolicyDelegate.xml, true
./WebKit/WebPolicyDelegate_Extensions.xml, false
./WebKit/WebPreferences.xml, true
./WebKit/WebResource.xml, false
./WebKit/WebResourceAuthenticationChallengeEventArgs.xml, false
./WebKit/WebResourceCancelledChallengeEventArgs.xml, false
./WebKit/WebResourceCompletedEventArgs.xml, false
./WebKit/WebResourceErrorEventArgs.xml, false
./WebKit/WebResourceIdentifierRequest.xml, false
./WebKit/WebResourceLoadDelegate.xml, true
./WebKit/WebResourceLoadDelegate_Extensions.xml, false
./WebKit/WebResourceOnRequestSend.xml, false
./WebKit/WebResourcePluginErrorEventArgs.xml, false
./WebKit/WebResourceReceivedContentLengthEventArgs.xml, false
./WebKit/WebResourceReceivedResponseEventArgs.xml, false
./WebKit/WebScriptObject.xml, true
./WebKit/WebUIDelegate.xml, true
./WebKit/WebUIDelegate_Extensions.xml, false
./WebKit/WebView.xml, true
./WebKit/WebViewConfirmationPanel.xml, false
./WebKit/WebViewContentEventArgs.xml, false
./WebKit/WebViewCreate.xml, false
./WebKit/WebViewDragEventArgs.xml, false
./WebKit/WebViewFooterEventArgs.xml, false
./WebKit/WebViewFrameEventArgs.xml, false
./WebKit/WebViewGetBool.xml, false
./WebKit/WebViewGetContextMenuItems.xml, false
./WebKit/WebViewGetFloat.xml, false
./WebKit/WebViewGetRectangle.xml, false
./WebKit/WebViewGetResponder.xml, false
./WebKit/WebViewGetString.xml, false
./WebKit/WebViewHeaderEventArgs.xml, false
./WebKit/WebViewJavaScriptEventArgs.xml, false
./WebKit/WebViewJavaScriptFrame.xml, false
./WebKit/WebViewJavaScriptFrameEventArgs.xml, false
./WebKit/WebViewJavaScriptInput.xml, false
./WebKit/WebViewMouseMovedEventArgs.xml, false
./WebKit/WebViewPerformAction.xml, false
./WebKit/WebViewPerformDragEventArgs.xml, false
./WebKit/WebViewPrintEventArgs.xml, false
./WebKit/WebViewPrompt.xml, false
./WebKit/WebViewPromptPanel.xml, false
./WebKit/WebViewResizableEventArgs.xml, false
./WebKit/WebViewResponderEventArgs.xml, false
./WebKit/WebViewRunOpenPanelEventArgs.xml, false
./WebKit/WebViewStatusBarEventArgs.xml, false
./WebKit/WebViewStatusTextEventArgs.xml, false
./WebKit/WebViewToolBarsEventArgs.xml, false
./WebKit/WebViewValidateUserInterface.xml, false
./iTunesLibrary/ITLibAlbum.xml, false
./iTunesLibrary/ITLibArtist.xml, false
./iTunesLibrary/ITLibArtwork.xml, false
./iTunesLibrary/ITLibArtworkFormat.xml, false
./iTunesLibrary/ITLibDistinguishedPlaylistKind.xml, false
./iTunesLibrary/ITLibExportFeature.xml, false
./iTunesLibrary/ITLibInitOptions.xml, false
./iTunesLibrary/ITLibMediaEntity.xml, false
./iTunesLibrary/ITLibMediaEntityEnumerateValuesHandler.xml, false
./iTunesLibrary/ITLibMediaEntityProperty.xml, false
./iTunesLibrary/ITLibMediaEntityPropertyExtensions.xml, false
./iTunesLibrary/ITLibMediaItem.xml, false
./iTunesLibrary/ITLibMediaItemLocationType.xml, false
./iTunesLibrary/ITLibMediaItemLyricsContentRating.xml, false
./iTunesLibrary/ITLibMediaItemMediaKind.xml, false
./iTunesLibrary/ITLibMediaItemPlayStatus.xml, false
./iTunesLibrary/ITLibMediaItemVideoInfo.xml, false
./iTunesLibrary/ITLibPlaylist.xml, false
./iTunesLibrary/ITLibPlaylistKind.xml, false
./iTunesLibrary/ITLibPlaylistProperty.xml, false
./iTunesLibrary/ITLibPlaylistPropertyExtensions.xml, false
./iTunesLibrary/ITLibrary.xml, false
./iTunesLibrary/MediaItemProperty.xml, false
./iTunesLibrary/MediaItemPropertyExtensions.xml, false
